topic,category,hook,post_text,cta,score,status
eSIM setup,eSIM,Landing abroad with no data is stressful.,"Landing abroad with no data is stressful.

Before you fly:

1. Check if your phone supports eSIM
2. Pick a local data plan
3. Save setup instructions offline
4. Keep your hotel address saved

Small prep. Smoother arrival.",no CTA,9,draft
Packing organization,Packing Tools,Disorganized luggage can be frustrating.,"Disorganized luggage can be frustrating.

Packing cubes can help:

1. Separate clothes by type
2. Compress items for space
3. Make unpacking easier
4. Keep dirty laundry contained

Streamline your suitcase.",no CTA,9,draft
"Carry-on, Health",Carry-on,Traveling with medications needs care.,"Traveling with medications needs care.

For carry-on luggage:

1. Keep in original containers
2. Bring prescriptions/doctor's note
3. Declare liquids over 100ml (if vital)
4. Check destination country rules

Smooth passage for essential items.",Building a simple travel setup checklist.,9,draft
